{
    "name": "tendina",
    "title": "jQuery Tendina Plugin",
    "description": "A super easy-to-use jQuery plugin to rapidly build dropdown side menus.",
    "keywords": [
        "menu",
        "reveal",
        "animation"
    ],
    "version": "0.8.1",
    "author": {
        "name": "Ivan Prignano",
        "url": "https://github.com/iprignano"
    },
    "licenses": [
        {
            "type": "MIT",
            "url": "https://github.com/iprignano/tendina#license"
        }
    ],
    "homepage": "https://github.com/iprignano/tendina",
    "docs": "https://github.com/iprignano/tendina#usage",
    "dependencies": {
        "jquery": ">=1.5"
    }
}